time,signal
0.000000000000000000e+00,6.409463372947621362e-01
2.004008016032064049e-02,2.141825509393584237e-01
4.008016032064128098e-02,6.544847464928282843e-01
6.012024048096192147e-02,-1.290930553390292612e-01
8.016032064128256196e-02,-1.078613215828776450e-01
1.002004008016031955e-01,7.785964348666516432e-01
1.202404809619238429e-01,1.007261185327973818e+00
1.402805611222444904e-01,-2.101564855584484026e-01
1.603206412825651239e-01,-9.429213507093453517e-02
1.803607214428857575e-01,5.462684772740211692e-01
2.004008016032063910e-01,5.436813676503088333e-01
2.204408817635270523e-01,2.629630480084703126e-01
2.404809619238476859e-01,4.306826634303244083e-01
2.605210420841683194e-01,8.674855218934904855e-01
2.805611222444889807e-01,1.468892520457001361e-01
3.006012024048095865e-01,9.060780056283286310e-01
3.206412825651302478e-01,5.240537502501315670e-01
3.406813627254509091e-01,2.284769670856036106e-01
3.607214428857715149e-01,6.221807467575485306e-01
3.807615230460921762e-01,1.743058461458969477e-01
4.008016032064127820e-01,9.351746199165915652e-01
4.208416833667334433e-01,6.224607049984364204e-01
4.408817635270541047e-01,1.395244828745228372e+00
4.609218436873747105e-01,8.107941833296676837e-01
4.809619238476953718e-01,6.817600816532158881e-01
5.010020040080159776e-01,8.078736523268230663e-01
5.210420841683366389e-01,8.782222530439773855e-01
5.410821643286573002e-01,1.329913040216209374e+00
5.611222444889779615e-01,1.128959898423507413e+00
5.811623246492986228e-01,1.530362435394059917e+00
6.012024048096191731e-01,1.757581335205049999e+00
6.212424849699398344e-01,6.863412122155860828e-01
6.412825651302604957e-01,1.160820694212968851e+00
6.613226452905811570e-01,7.838191359129100810e-01
6.813627254509018183e-01,1.140944141708668536e+00
7.014028056112223686e-01,5.230614911342414963e-01
7.214428857715430299e-01,1.433239482151647204e+00
7.414829659318636912e-01,1.981382742571602407e+00
7.615230460921843525e-01,1.790078594788246491e+00
7.815631262525050138e-01,1.670595744676541372e+00
8.016032064128255641e-01,1.478366117095917698e+00
8.216432865731462254e-01,7.539342495230115793e-01
8.416833667334668867e-01,1.576827883608636460e+00
8.617234468937875480e-01,1.183611338468429475e+00
8.817635270541082093e-01,2.058562671116870746e+00
9.018036072144288706e-01,1.541096240323403865e+00
9.218436873747494209e-01,2.168733190245548226e+00
9.418837675350700822e-01,1.348547464764782156e+00
9.619238476953907435e-01,1.044470848915459049e+00
9.819639278557114048e-01,2.195456491100493679e+00
1.002004008016031955e+00,2.025963861257130905e+00
1.022044088176352616e+00,1.490046242100979690e+00
1.042084168336673278e+00,1.987219534671097909e+00
1.062124248496993939e+00,1.813512243859808581e+00
1.082164328657314600e+00,1.774619932114214427e+00
1.102204408817635262e+00,2.079504632386608431e+00
1.122244488977955923e+00,2.143216591422374862e+00
1.142284569138276584e+00,1.836812472579757660e+00
1.162324649298597246e+00,1.899567125766233211e+00
1.182364729458917685e+00,1.445641872174771247e+00
1.202404809619238346e+00,2.052260866344358892e+00
1.222444889779559007e+00,1.577543089667011511e+00
1.242484969939879669e+00,2.587462801377541588e+00
1.262525050100200330e+00,2.513127666398178750e+00
1.282565130260520991e+00,2.833073359275333214e+00
1.302605210420841653e+00,2.961223034360076944e+00
1.322645290581162314e+00,2.331706672343489828e+00
1.342685370741482975e+00,2.628296971991409769e+00
1.362725450901803637e+00,1.735049854042359563e+00
1.382765531062124298e+00,2.204409896942334690e+00
1.402805611222444737e+00,2.280223772232358392e+00
1.422845691382765398e+00,2.079942799982217760e+00
1.442885771543086060e+00,1.600562066580073273e+00
1.462925851703406721e+00,1.972233671688188084e+00
1.482965931863727382e+00,2.914829615725490264e+00
1.503006012024048044e+00,1.005902613455051497e+00
1.523046092184368705e+00,2.626907544183139542e+00
1.543086172344689366e+00,1.517491621916666533e+00
1.563126252505010028e+00,1.108511108098323428e+00
1.583166332665330689e+00,1.629348533298970336e+00
1.603206412825651128e+00,7.258069322608171614e-01
1.623246492985971789e+00,2.212694117746513811e+00
1.643286573146292451e+00,2.559611775453439542e+00
1.663326653306613112e+00,1.118593624283682253e+00
1.683366733466933773e+00,1.591691749052630778e+00
1.703406813627254435e+00,1.745453789840056613e+00
1.723446893787575096e+00,1.394078595746910398e+00
1.743486973947895757e+00,1.931386483141303678e+00
1.763527054108216419e+00,2.270741215017585191e+00
1.783567134268537080e+00,2.304631285162866305e+00
1.803607214428857741e+00,1.583525933451729539e+00
1.823647294589178181e+00,2.631939297602318817e+00
1.843687374749498842e+00,1.304161151638123739e+00
1.863727454909819503e+00,2.358071168326303368e+00
1.883767535070140164e+00,1.923426670877184996e+00
1.903807615230460826e+00,1.832384049662876269e+00
1.923847695390781487e+00,2.080493895219975631e+00
1.943887775551102148e+00,8.964301850666511751e-01
1.963927855711422810e+00,1.794770766328604328e+00
1.983967935871743471e+00,2.472094207411747568e+00
2.004008016032063910e+00,2.257814834975173213e+00
2.024048096192384794e+00,1.464647661956037794e+00
2.044088176352705233e+00,1.537861684423448727e+00
2.064128256513026116e+00,9.418054920464623558e-01
2.084168336673346555e+00,1.165609016595173131e+00
2.104208416833667439e+00,2.144409374001380542e+00
2.124248496993987878e+00,1.552890536421713374e+00
2.144288577154308317e+00,1.913728233567712156e+00
2.164328657314629201e+00,1.690028017948783656e+00
2.184368737474949640e+00,1.705212542112611862e+00
2.204408817635270523e+00,4.952365659442750090e-01
2.224448897795590963e+00,1.264078943430402724e+00
2.244488977955911846e+00,1.432961829491681494e+00
2.264529058116232285e+00,1.092493427941321649e+00
2.284569138276553169e+00,1.420458108754053095e+00
2.304609218436873608e+00,2.050883251218567516e+00
2.324649298597194491e+00,1.363416710473484006e+00
2.344689378757514930e+00,7.263603350397842551e-01
2.364729458917835370e+00,8.784669092102630472e-01
2.384769539078156253e+00,1.241536572062162724e+00
2.404809619238476692e+00,2.070552661112277093e+00
2.424849699398797576e+00,1.059856975394102729e+00
2.444889779559118015e+00,3.721109458065375852e-01
2.464929859719438898e+00,1.888306058720496949e-01
2.484969939879759337e+00,1.142126395157959218e+00
2.505010020040080221e+00,1.096595441838382312e+00
2.525050100200400660e+00,1.956971464093052226e+00
2.545090180360721543e+00,1.693859912684255731e+00
2.565130260521041983e+00,9.541681103800555563e-01
2.585170340681362422e+00,2.244496902560632279e+00
2.605210420841683305e+00,8.844650690035644747e-01
2.625250501002003745e+00,1.060360006077329276e+00
2.645290581162324628e+00,5.513204641349667146e-02
2.665330661322645067e+00,-2.329692376568420764e-01
2.685370741482965951e+00,7.270092730209875009e-01
2.705410821643286390e+00,6.532995880372233222e-01
2.725450901803607273e+00,8.877806315370369017e-01
2.745490981963927712e+00,7.990029136951790623e-01
2.765531062124248596e+00,4.844289192809860811e-01
2.785571142284569035e+00,1.204605808271554723e+00
2.805611222444889474e+00,1.273849782015719967e+00
2.825651302605210358e+00,7.822585072448331456e-01
2.845691382765530797e+00,1.069230394875559709e+00
2.865731462925851680e+00,5.006135245233959141e-01
2.885771543086172120e+00,7.897537275964146009e-01
2.905811623246493003e+00,5.002350522492697849e-01
2.925851703406813442e+00,3.499669743351978557e-01
2.945891783567134325e+00,5.894149212133273918e-01
2.965931863727454765e+00,-3.357818017813246625e-02
2.985971943887775648e+00,6.819628414839808972e-01
3.006012024048096087e+00,4.080535458398216742e-01
3.026052104208416527e+00,-3.332823940752428493e-01
3.046092184368737410e+00,3.000539666613880052e-01
3.066132264529057849e+00,7.162707079859880199e-01
3.086172344689378733e+00,-3.923679267327595532e-02
3.106212424849699172e+00,7.175364753882610414e-01
3.126252505010020055e+00,-7.127683570171732264e-01
3.146292585170340494e+00,-9.664004635697465151e-01
3.166332665330661378e+00,-7.127659346184592182e-02
3.186372745490981817e+00,-2.216935617055834640e-02
3.206412825651302256e+00,-1.013569200020219219e+00
3.226452905811623140e+00,-7.428713548121773647e-01
3.246492985971943579e+00,-6.527586460391996415e-01
3.266533066132264462e+00,1.021312991447235474e-01
3.286573146292584902e+00,-1.396356547195516828e+00
3.306613226452905785e+00,-4.716579698692155431e-01
3.326653306613226224e+00,-9.965211234947121133e-01
3.346693386773547108e+00,1.968197835685083219e-01
3.366733466933867547e+00,-9.972281116898312758e-02
3.386773547094188430e+00,-2.118615729162920958e-01
3.406813627254508869e+00,-3.818163212742514689e-01
3.426853707414829309e+00,-1.367106010940410066e+00
3.446893787575150192e+00,-7.485183321989240524e-01
3.466933867735470631e+00,-2.606459385865774747e-01
3.486973947895791515e+00,-9.921641810757839686e-01
3.507014028056111954e+00,-1.239829607140570777e+00
3.527054108216432837e+00,1.971799492500407869e-01
3.547094188376753277e+00,-5.651325705818335265e-01
3.567134268537074160e+00,-1.198073632059647453e+00
3.587174348697394599e+00,-1.232249033100649704e-01
3.607214428857715482e+00,-3.615499682562245409e-01
3.627254509018035922e+00,-1.121498514067215790e+00
3.647294589178356361e+00,-1.604057085187707621e+00
3.667334669338677244e+00,-1.574689087201934345e+00
3.687374749498997684e+00,-1.187648959339503651e+00
3.707414829659318567e+00,-9.244861860424595790e-01
3.727454909819639006e+00,-1.264374428200719214e+00
3.747494989979959890e+00,-1.564847185186118761e+00
3.767535070140280329e+00,-6.772538474412321818e-01
3.787575150300601212e+00,-1.059906308332508429e+00
3.807615230460921651e+00,-1.134781709546375250e+00
3.827655310621242535e+00,-1.394329474884161479e+00
3.847695390781562974e+00,-1.476296680167781483e+00
3.867735470941883413e+00,-7.612253269111822762e-01
3.887775551102204297e+00,-6.564959801818385232e-01
3.907815631262524736e+00,-1.772855975684950458e+00
3.927855711422845619e+00,-1.347264666340750816e+00
3.947895791583166059e+00,-1.473294399847865810e+00
3.967935871743486942e+00,-1.883807231324265086e+00
3.987975951903807381e+00,-1.021588357060461583e+00
4.008016032064127820e+00,-1.986141843664582574e+00
4.028056112224448704e+00,-1.549804893248428073e+00
4.048096192384769587e+00,-8.748622781050158226e-01
4.068136272545089582e+00,-1.159609413646069509e+00
4.088176352705410466e+00,-2.775402892787522724e+00
4.108216432865731349e+00,-2.031579702800860421e+00
4.128256513026052232e+00,-8.582349521424345040e-01
4.148296593186372228e+00,-1.745242032106900432e+00
4.168336673346693111e+00,-2.376659364245493400e+00
4.188376753507013994e+00,-2.190749986218762047e+00
4.208416833667334878e+00,-1.307392465526496572e+00
4.228456913827654873e+00,-2.128004663444788669e+00
4.248496993987975756e+00,-1.159107672803486366e+00
4.268537074148296639e+00,-1.428223754281700675e+00
4.288577154308616635e+00,-2.992674386398320063e+00
4.308617234468937518e+00,-2.154835769943745483e+00
4.328657314629258401e+00,-1.725381040826939660e+00
4.348697394789579285e+00,-2.713216540209759664e+00
4.368737474949899280e+00,-2.792560830686230400e+00
4.388777555110220163e+00,-1.104623954333289859e+00
4.408817635270541047e+00,-1.284102139362288897e+00
4.428857715430861930e+00,-2.328341508980108721e+00
4.448897795591181925e+00,-2.318255142950994774e+00
4.468937875751502808e+00,-2.392634455937282301e+00
4.488977955911823692e+00,-1.021769411630295110e+00
4.509018036072143687e+00,-2.050556400469662588e+00
4.529058116232464570e+00,-2.474855137279711847e+00
4.549098196392785454e+00,-2.193382198669520999e+00
4.569138276553106337e+00,-1.976563038727827459e+00
4.589178356713426332e+00,-2.450888429392461099e+00
4.609218436873747216e+00,-1.325013405563532309e+00
4.629258517034068099e+00,-2.714570691269301506e+00
4.649298597194388982e+00,-1.590178915688143846e+00
4.669338677354708977e+00,-2.312244050500176229e+00
4.689378757515029861e+00,-2.253539453718669705e+00
4.709418837675350744e+00,-2.023661658310907718e+00
4.729458917835670739e+00,-1.502183421509271311e+00
4.749498997995991623e+00,-1.537497032688035947e+00
4.769539078156312506e+00,-1.699292495240684042e+00
4.789579158316633389e+00,-1.474756472302251709e+00
4.809619238476953385e+00,-2.003018931942326830e+00
4.829659318637274268e+00,-1.358150771731291062e+00
4.849699398797595151e+00,-2.045309868936629805e+00
4.869739478957916035e+00,-1.420578314579689305e+00
4.889779559118236030e+00,-2.150166429210061736e+00
4.909819639278556913e+00,-1.437226409189480414e+00
4.929859719438877796e+00,-2.576882726089491982e+00
4.949899799599197792e+00,-1.856424668485841867e+00
4.969939879759518675e+00,-1.923687991337724279e+00
4.989979959919839558e+00,-1.683706835495782705e+00
5.010020040080160442e+00,-1.988841516578361723e+00
5.030060120240480437e+00,-2.710418089075681269e+00
5.050100200400801320e+00,-2.432648672076857643e+00
5.070140280561122204e+00,-1.708017959861156676e+00
5.090180360721443087e+00,-1.180264258198838956e+00
5.110220440881763082e+00,-2.727275614383279922e+00
5.130260521042083965e+00,-1.320061146611886782e+00
5.150300601202404849e+00,-2.134477945906128937e+00
5.170340681362724844e+00,-1.684244193740212836e+00
5.190380761523045727e+00,-1.058765172424236622e+00
5.210420841683366611e+00,-1.711554084789521646e+00
5.230460921843687494e+00,-2.054565850517430459e+00
5.250501002004007489e+00,-1.519063640525557091e+00
5.270541082164328373e+00,-1.378812020337006006e+00
5.290581162324649256e+00,-1.208666293838452033e+00
5.310621242484970139e+00,-6.248199838957289032e-01
5.330661322645290134e+00,-1.675652303470449800e+00
5.350701402805611018e+00,-1.342140785901967170e+00
5.370741482965931901e+00,-1.222476872378934765e+00
5.390781563126251896e+00,-2.194620040489906110e+00
5.410821643286572780e+00,-1.819973353898382218e+00
5.430861723446893663e+00,-1.003957653157915519e+00
5.450901803607214546e+00,-2.006360826316693657e+00
5.470941883767534542e+00,-2.062297561721489814e+00
5.490981963927855425e+00,-1.265738223775431992e+00
5.511022044088176308e+00,-7.688812110753100448e-01
5.531062124248497192e+00,-1.806711975269712722e+00
5.551102204408817187e+00,-1.664343970398711070e+00
5.571142284569138070e+00,-1.281855055793157838e+00
5.591182364729458953e+00,-1.417406376565758075e+00
5.611222444889778949e+00,-1.901207702273660871e+00
5.631262525050099832e+00,-1.563496481293378260e+00
5.651302605210420715e+00,-6.925890577509568047e-01
5.671342685370741599e+00,-5.732971856955365597e-01
5.691382765531061594e+00,-1.523135408773114374e+00
5.711422845691382477e+00,-1.020998530689495531e+00
5.731462925851703361e+00,-1.034833521178980753e+00
5.751503006012024244e+00,-4.124932522973175919e-01
5.771543086172344239e+00,4.178782722575546948e-02
5.791583166332665122e+00,-8.022808543138086890e-01
5.811623246492986006e+00,-1.484195638574238529e+00
5.831663326653306001e+00,-1.421785479742626368e+00
5.851703406813626884e+00,-7.807169059143952428e-01
5.871743486973947768e+00,-1.085419236213395866e+00
5.891783567134268651e+00,-8.137024560373382620e-01
5.911823647294588646e+00,-7.828334323734135181e-01
5.931863727454909530e+00,-4.367978027904431682e-01
5.951903807615230413e+00,-4.693142195542334694e-01
5.971943887775551296e+00,-1.232297472863153498e+00
5.991983967935871291e+00,-5.529563530818464301e-01
6.012024048096192175e+00,4.886331891227390090e-01
6.032064128256513058e+00,-6.085673715980898235e-01
6.052104208416833053e+00,-6.174771963675013131e-02
6.072144288577153937e+00,-5.715848653041805116e-01
6.092184368737474820e+00,-1.601251560794680340e-01
6.112224448897795703e+00,-3.141883471241553871e-01
6.132264529058115698e+00,5.533793132359132727e-03
6.152304609218436582e+00,4.799498773346044245e-01
6.172344689378757465e+00,3.472106198133573240e-02
6.192384769539078349e+00,-6.864384756949584165e-01
6.212424849699398344e+00,4.022622193368955434e-01
6.232464929859719227e+00,4.218683182675873611e-01
6.252505010020040110e+00,-1.437417651292625109e-01
6.272545090180360106e+00,4.678589628708206272e-01
6.292585170340680989e+00,9.308792349927095255e-01
6.312625250501001872e+00,-1.375978675865638934e-01
6.332665330661322756e+00,-1.010901112948519032e+00
6.352705410821642751e+00,6.594520492954026869e-01
6.372745490981963634e+00,-1.442569158846360167e-01
6.392785571142284518e+00,1.262504086894095101e-01
6.412825651302604513e+00,5.284846585258777818e-01
6.432865731462925396e+00,4.868951347426494491e-01
6.452905811623246279e+00,1.608159752372617379e-01
6.472945891783567163e+00,5.457761187761489552e-01
6.492985971943887158e+00,-4.725763331363944109e-01
6.513026052104208041e+00,1.513217773808481770e-01
6.533066132264528925e+00,1.632972993594072331e-01
6.553106212424849808e+00,9.157137192592814667e-01
6.573146292585169803e+00,1.368809599460909077e+00
6.593186372745490686e+00,5.808539820818240385e-01
6.613226452905811570e+00,6.502282384501019141e-01
6.633266533066131565e+00,8.511138461365513885e-01
6.653306613226452448e+00,4.877633775375377345e-01
6.673346693386773332e+00,-3.602266735824011246e-02
6.693386773547094215e+00,5.324719284847656553e-01
6.713426853707414210e+00,1.359904595635199609e+00
6.733466933867735094e+00,7.201906705758598370e-02
6.753507014028055977e+00,1.094002236661069771e+00
6.773547094188376860e+00,5.593102921331585264e-01
6.793587174348696855e+00,9.876634217987249054e-01
6.813627254509017739e+00,1.172824497575471581e+00
6.833667334669338622e+00,1.387458030422467736e+00
6.853707414829658617e+00,1.313870823518791253e+00
6.873747494989979501e+00,1.206893872618640451e+00
6.893787575150300384e+00,1.442341045541360778e+00
6.913827655310621267e+00,1.677557755476701606e+00
6.933867735470941263e+00,6.871338604008595530e-01
6.953907815631262146e+00,1.066659093441519435e+00
6.973947895791583029e+00,1.727970454338805473e+00
6.993987975951903913e+00,4.413741054133973885e-01
7.014028056112223908e+00,1.760978222058405596e+00
7.034068136272544791e+00,1.500921877901225443e+00
7.054108216432865675e+00,8.881894101269974806e-01
7.074148296593185670e+00,1.405406701426044069e+00
7.094188376753506553e+00,1.219287855076542249e+00
7.114228456913827436e+00,2.465452193897394118e+00
7.134268537074148320e+00,1.095793855984357634e+00
7.154308617234468315e+00,1.401206235416479151e+00
7.174348697394789198e+00,1.140886420380690769e+00
7.194388777555110082e+00,2.116050900341495566e+00
7.214428857715430965e+00,1.930973017934957570e+00
7.234468937875750960e+00,2.032702175847403758e+00
7.254509018036071843e+00,2.044222136237861420e+00
7.274549098196392727e+00,1.586108516367911836e+00
7.294589178356712722e+00,2.570514633052409348e+00
7.314629258517033605e+00,2.754599634196759794e+00
7.334669338677354489e+00,2.452675223203045540e+00
7.354709418837675372e+00,1.285443488448141824e+00
7.374749498997995367e+00,8.449422340005908749e-01
7.394789579158316251e+00,2.291858738566590947e+00
7.414829659318637134e+00,1.868663650550326683e+00
7.434869739478958017e+00,1.604721733651290450e+00
7.454909819639278012e+00,1.783883049687174482e+00
7.474949899799598896e+00,1.610167589392037968e+00
7.494989979959919779e+00,1.866804406491085144e+00
7.515030060120239774e+00,1.226472977330506531e+00
7.535070140280560658e+00,2.172911088171607386e+00
7.555110220440881541e+00,2.157083264649889642e+00
7.575150300601202424e+00,1.866863461395576129e+00
7.595190380761522420e+00,2.735995313134699902e+00
7.615230460921843303e+00,1.712443110443122585e+00
7.635270541082164186e+00,1.997262842694692342e+00
7.655310621242485070e+00,1.960509952477412332e+00
7.675350701402805065e+00,1.051821983764191781e+00
7.695390781563125948e+00,2.191909379009044478e+00
7.715430861723446831e+00,1.777723104408211796e+00
7.735470941883766827e+00,1.687038904353544311e+00
7.755511022044087710e+00,2.450459758465874494e+00
7.775551102204408593e+00,2.624318009332297752e+00
7.795591182364729477e+00,2.228592675251723776e+00
7.815631262525049472e+00,8.441571350148024955e-01
7.835671342685370355e+00,1.677021062942250174e+00
7.855711422845691239e+00,2.102101343229320296e+00
7.875751503006012122e+00,1.661554269817721918e+00
7.895791583166332117e+00,2.934242794661941822e+00
7.915831663326653000e+00,2.569634241760333282e+00
7.935871743486973884e+00,9.947190588081252782e-01
7.955911823647293879e+00,1.929283754186657429e+00
7.975951903807614762e+00,1.489196567955697326e+00
7.995991983967935646e+00,1.319704301923730672e+00
8.016032064128255641e+00,2.714973760929171753e+00
8.036072144288576524e+00,1.950902187970852797e+00
8.056112224448897408e+00,1.823987227875849992e+00
8.076152304609218291e+00,1.110123868548228199e+00
8.096192384769539174e+00,1.890754884507793721e+00
8.116232464929860058e+00,2.101729517058718688e+00
8.136272545090179165e+00,2.376242648144567315e+00
8.156312625250500048e+00,1.287041747956695792e+00
8.176352705410820931e+00,1.447241105813424245e+00
8.196392785571141815e+00,7.740019589857740634e-01
8.216432865731462698e+00,2.633495361508394694e+00
8.236472945891783581e+00,1.995014279480505026e+00
8.256513026052104465e+00,1.632160945024917931e+00
8.276553106212425348e+00,2.104625854299833954e+00
8.296593186372744455e+00,1.614073706740390302e+00
8.316633266533065338e+00,2.027516509133891365e+00
8.336673346693386222e+00,2.548225373718087106e+00
8.356713426853707105e+00,1.643708118007817243e+00
8.376753507014027988e+00,2.148446395990176061e+00
8.396793587174348872e+00,2.885677910589604878e+00
8.416833667334669755e+00,1.675348378630645119e+00
8.436873747494988862e+00,1.132459270713131350e+00
8.456913827655309746e+00,1.544550380945776125e+00
8.476953907815630629e+00,1.672913811331006917e+00
8.496993987975951512e+00,1.800496112144261085e+00
8.517034068136272396e+00,6.471697449154415471e-01
8.537074148296593279e+00,2.374572461830787518e+00
8.557114228456914162e+00,2.007734254486832182e+00
8.577154308617233269e+00,1.413600175878768850e+00
8.597194388777554153e+00,1.042460017868739319e+00
8.617234468937875036e+00,2.060726708021977771e+00
8.637274549098195919e+00,1.071130775399427915e+00
8.657314629258516803e+00,1.859743678051255955e+00
8.677354709418837686e+00,1.518481332804141992e+00
8.697394789579158569e+00,1.658480508448527235e+00
8.717434869739479453e+00,1.442294352306775496e+00
8.737474949899798560e+00,3.011043987022410384e-01
8.757515030060119443e+00,4.928773621905351288e-01
8.777555110220440326e+00,1.649943903074642559e+00
8.797595190380761210e+00,1.620921055127515498e+00
8.817635270541082093e+00,3.404854150786477129e-01
8.837675350701402976e+00,3.370680560918548618e-01
8.857715430861723860e+00,1.794919944329411265e+00
8.877755511022042967e+00,5.389456152541663991e-01
8.897795591182363850e+00,8.081196060797483094e-01
8.917835671342684734e+00,1.433909598352950177e+00
8.937875751503005617e+00,4.610523590851105524e-01
8.957915831663326500e+00,7.221743898754796609e-01
8.977955911823647384e+00,1.755169947889389848e+00
8.997995991983968267e+00,1.792835701791613889e+00
9.018036072144287374e+00,4.710785233739156475e-01
9.038076152304608257e+00,6.248801682605328311e-01
9.058116232464929141e+00,1.022708479648287705e-01
9.078156312625250024e+00,7.571568735187311772e-01
9.098196392785570907e+00,8.891063546595688871e-01
9.118236472945891791e+00,6.749107465388857197e-01
9.138276553106212674e+00,2.700100795098208106e-01
9.158316633266533557e+00,8.628890441040901749e-01
9.178356713426852664e+00,5.536184554922998213e-01
9.198396793587173548e+00,4.123589438690866693e-02
9.218436873747494431e+00,5.352039230946439297e-01
9.238476953907815314e+00,1.106702772721055439e+00
9.258517034068136198e+00,2.242281644548844155e-01
9.278557114228457081e+00,1.091445049525014699e-01
9.298597194388777964e+00,1.036381337209765219e+00
9.318637274549097071e+00,3.446908968921029159e-01
9.338677354709417955e+00,8.650528967772366240e-01
9.358717434869738838e+00,-3.335955241087062428e-01
9.378757515030059722e+00,2.253836791534973294e-01
9.398797595190380605e+00,-3.253216458368971553e-01
9.418837675350701488e+00,-6.288965895499862291e-02
9.438877755511022372e+00,4.213500281671188619e-01
9.458917835671341479e+00,-2.436609530877935359e-02
9.478957915831662362e+00,-9.518616770852881270e-01
9.498997995991983245e+00,-5.717824012204910655e-01
9.519038076152304129e+00,-7.814318470376657721e-01
9.539078156312625012e+00,-3.874390112765246919e-01
9.559118236472945895e+00,8.549824397648569940e-02
9.579158316633266779e+00,-4.046597543941012343e-01
9.599198396793587662e+00,-3.724125657593659877e-01
9.619238476953906769e+00,-3.591563826792187886e-01
9.639278557114227652e+00,-7.870025929566110134e-01
9.659318637274548536e+00,4.211432524334796090e-01
9.679358717434869419e+00,-1.621435200734759885e+00
9.699398797595190302e+00,-5.385574759643370069e-01
9.719438877755511186e+00,-1.134683807803519073e+00
9.739478957915832069e+00,-9.712766670396932867e-01
9.759519038076151176e+00,1.431916453230930308e-01
9.779559118236472059e+00,-5.970922897206655255e-01
9.799599198396792943e+00,-1.563714822084300682e+00
9.819639278557113826e+00,-8.226054333620881343e-01
9.839679358717434710e+00,1.611305442328091475e-01
9.859719438877755593e+00,-2.610210828685179951e-01
9.879759519038076476e+00,-4.885924636575931790e-01
9.899799599198395583e+00,-6.952126940134140121e-01
9.919839679358716467e+00,-1.162403362697618014e+00
9.939879759519037350e+00,-1.261578480947704861e+00
9.959919839679358233e+00,-7.115997089722408964e-01
9.979959919839679117e+00,-1.418616818295540094e+00
1.000000000000000000e+01,-1.149329626260419346e+00
